{"cameraMode":{"drawMode":0,"name":"Shaded","section":"Shading Mode"},"sceneLighting":true,"audioPlay":false,"sceneViewState":{"m_AlwaysRefresh":false,"showFog":true,"showSkybox":true,"showFlares":true,"showImageEffects":true,"showParticleSystems":true,"showVisualEffectGraphs":true,"m_FxEnabled":true},"in2DMode":false,"pivot":{"x":-1.7143471240997315,"y":-0.6236155033111572,"z":0.03045666217803955},"rotation":{"x":-0.04856768622994423,"y":0.9503188729286194,"z":-0.19245117902755738,"w":-0.2398233711719513},"size":2.357011079788208,"orthographic":false}